{"stat.walkOneCm":85813,"stat.useItem.61":2,"stat.craftItem.61":1,"stat.mineBlock.58":2,"stat.mineBlock.13":7,"stat.mineBlock.18":2,"stat.mineBlock.17":21,"stat.jump":164,"stat.fallOneCm":3372,"achievement.buildWorkBench":2,"achievement.mineWood":21,"achievement.exploreAllBiomes":{"value":0,"progress":["Taiga","TaigaHills"]},"stat.killEntity.Skeleton":1,"stat.useItem.88":2,"stat.craftItem.320":2,"stat.breakItem.271":1,"achievement.openInventory":17,"stat.craftItem.5":76,"stat.craftItem.280":8,"stat.damageTaken":190,"stat.mineBlock.4":1,"stat.killEntity.Spider":1,"stat.mineBlock.5":17,"stat.mineBlock.3":27,"stat.mineBlock.1":17,"stat.mineBlock.61":1,"stat.mobKills":7,"achievement.buildFurnace":2,"stat.flyOneCm":16179,"stat.craftItem.58":1,"stat.useItem.6":1,"stat.craftItem.274":1,"stat.craftItem.275":1,"stat.useItem.50":1,"achievement.buildPickaxe":2,"stat.playOneMinute":14696,"stat.useItem.1":1,"stat.useItem.4":1,"stat.useItem.5":71,"stat.craftItem.270":1,"stat.craftItem.271":1,"stat.useItem.3":3,"stat.damageDealt":1130,"achievement.buildBetterPickaxe":1,"stat.killEntity.Zombie":1,"stat.useItem.17":2,"stat.killEntity.Pig":4,"stat.useItem.270":40,"stat.useItem.13":10,"stat.useItem.58":3,"stat.useItem.271":49}