{"stat.useItem.274":3,"stat.useItem.31":8,"stat.useItem.54":1,"stat.useItem.383":1,"stat.flyOneCm":32325,"stat.craftItem.274":1,"stat.walkOneCm":36251,"stat.mineBlock.17":3,"stat.jump":77,"stat.playOneMinute":9600,"achievement.openInventory":29,"stat.fallOneCm":2806,"stat.craftItem.5":12,"stat.useItem.1":1,"stat.craftItem.280":12,"stat.craftItem.270":1,"stat.useItem.3":1,"stat.damageTaken":20,"achievement.mineWood":3,"stat.mineBlock.1":1,"achievement.exploreAllBiomes":{"value":0,"progress":["Forest","Plains","Taiga","TaigaHills"]},"stat.useItem.270":1}