{"stat.useItem.351":6,"stat.killEntity.Skeleton":2,"stat.useItem.88":1,"stat.walkOneCm":56708,"stat.useItem.278":15,"stat.useItem.359":38,"achievement.openInventory":21,"stat.killEntity.Spider":1,"stat.mobKills":4,"stat.mineBlock.88":1,"stat.useItem.32":4,"stat.craftItem.351":6,"stat.flyOneCm":32408,"stat.useItem.12":1,"stat.drop":5,"stat.jump":98,"stat.swimOneCm":259,"stat.playOneMinute":12784,"stat.climbOneCm":760,"stat.fallOneCm":1688,"stat.damageDealt":1060,"stat.killEntity.Zombie":1,"achievement.exploreAllBiomes":{"value":0,"progress":["DesertHills","Desert","Savanna"]},"stat.mineBlock.32":2,"stat.mineBlock.12":1}