{"stat.useItem.87":1,"stat.useItem.88":4,"stat.useItem.276":54,"stat.walkOneCm":197976,"stat.useItem.137":6,"achievement.openInventory":45,"stat.useItem.259":65,"stat.killEntity.Infused Ghast":2,"stat.damageTaken":12192,"stat.killEntity.Ghast":5,"stat.mobKills":35,"stat.useItem.69":1,"stat.useItem.49":1,"stat.mineBlock.88":4,"stat.mineBlock.13":9,"stat.useItem.383":11,"stat.flyOneCm":219348,"stat.deaths":2,"stat.killEntity.PigZombie":21,"stat.mineBlock.18":2,"stat.drop":32,"stat.useItem.145":1,"stat.jump":685,"stat.swimOneCm":9325,"stat.playOneMinute":38206,"stat.fallOneCm":24613,"stat.useItem.3":261,"stat.damageDealt":5427,"stat.breakItem.259":1,"stat.killEntity.Zombie":2,"achievement.mineWood":2,"stat.killEntity.Cow":4,"achievement.exploreAllBiomes":{"value":0,"progress":["ForestHills","Forest","Desert","Hell"]},"stat.useItem.13":2,"stat.mineBlock.31":1}