{"stat.useItem.351":72,"stat.useItem.383":1,"stat.flyOneCm":495356,"stat.useItem.276":8,"stat.useItem.6":1,"stat.walkOneCm":7207,"stat.jump":38,"stat.swimOneCm":38,"stat.playOneMinute":48970,"achievement.openInventory":10,"stat.killEntity.Forest Gheist":1,"stat.damageDealt":1045,"stat.mobKills":1,"stat.useItem.18":6,"achievement.exploreAllBiomes":{"value":0,"progress":["Birch Forest Hills","Sunflower Plains","ForestHills","Birch Forest","Taiga M","Plains","Pine Forest","TaigaHills","Birch Forest M","Extreme Hills+","Forest","River","Taiga","Extreme Hills","Swampland"]}}