{"stat.walkOneCm":84896,"stat.useItem.278":5,"stat.killEntity.Creeper":1,"stat.jump":125,"stat.useItem.126":62,"stat.useItem.324":6,"stat.swimOneCm":252,"stat.fallOneCm":633,"stat.climbOneCm":465,"achievement.mineWood":1,"achievement.exploreAllBiomes":{"value":0,"progress":["River","Plains"]},"stat.useItem.293":2,"stat.useItem.42":13,"stat.useItem.86":4,"stat.useItem.295":1,"stat.useItem.85":128,"achievement.openInventory":55,"stat.useItem.338":7,"stat.damageTaken":15,"stat.mobKills":1,"stat.useItem.383":2,"stat.flyOneCm":173936,"stat.useItem.102":1,"stat.useItem.50":55,"stat.playOneMinute":34949,"stat.useItem.4":36,"stat.useItem.5":74,"stat.useItem.3":176,"stat.damageDealt":755,"stat.useItem.17":55,"stat.useItem.13":341,"stat.mineBlock.31":1,"stat.useItem.392":5}