{"stat.useItem.276":4,"stat.killEntity.Skeleton":1,"stat.walkOneCm":24902,"achievement.openInventory":13,"stat.useItem.259":1,"stat.killEntity.Infused Ghast":2,"stat.damageTaken":510,"stat.killEntity.Spider":2,"stat.mineBlock.3":1,"stat.killEntity.Ghast":2,"stat.mobKills":8,"stat.killEntity.Creeper":1,"stat.useItem.49":15,"stat.useItem.383":8,"stat.flyOneCm":84298,"stat.drop":1,"stat.useItem.145":1,"stat.jump":86,"stat.playOneMinute":7130,"stat.fallOneCm":3234,"stat.useItem.3":1,"stat.damageDealt":200,"achievement.exploreAllBiomes":{"value":0,"progress":["Extreme Hills","Hell"]},"stat.mineBlock.31":2}