{"stat.killEntity.Skeleton":2,"stat.walkOneCm":298695,"stat.mineBlock.29":3,"stat.craftItem.268":1,"achievement.openInventory":33,"stat.craftItem.5":28,"stat.craftItem.280":4,"stat.damageTaken":520,"stat.mineBlock.175":6,"stat.mineBlock.3":1,"stat.mineBlock.81":1,"stat.mobKills":2,"stat.useItem.29":1,"achievement.killEnemy":2,"stat.useItem.54":1,"stat.flyOneCm":154520,"stat.craftItem.58":1,"stat.mineBlock.18":13,"stat.mineBlock.17":7,"stat.drop":10,"stat.jump":850,"stat.swimOneCm":3700,"stat.useItem.268":21,"stat.playOneMinute":32837,"stat.climbOneCm":5619,"stat.fallOneCm":22971,"achievement.buildWorkBench":1,"stat.craftItem.54":1,"stat.damageDealt":560,"stat.mineBlock.103":9,"achievement.buildSword":1,"achievement.mineWood":6,"stat.mineBlock.127":3,"stat.mineBlock.106":5,"achievement.exploreAllBiomes":{"value":0,"progress":["Beach","DesertHills","Desert M","Jungle","River","Forest","JungleEdge","JungleHills","Plains","Desert","Extreme Hills","Savanna"]},"stat.mineBlock.31":367,"stat.diveOneCm":3687,"stat.useItem.58":1,"stat.mineBlock.12":1}