{"stat.flyOneCm":366312,"stat.walkOneCm":40871,"stat.useItem.278":8,"stat.mineBlock.18":5,"stat.drop":1,"stat.useItem.145":1,"stat.jump":104,"stat.swimOneCm":211,"stat.playOneMinute":21144,"achievement.openInventory":12,"stat.fallOneCm":844,"stat.useItem.3":1,"stat.damageTaken":10,"stat.mineBlock.3":1,"achievement.mineWood":4,"achievement.exploreAllBiomes":{"value":0,"progress":["ForestHills","Birch Forest","Forest","Plains"]},"stat.useItem.35":2,"stat.useItem.46":76,"stat.useItem.69":78,"stat.mineBlock.31":1}