{"stat.useItem.351":27,"stat.useItem.274":113,"stat.useItem.275":79,"stat.walkOneCm":882634,"stat.craftItem.265":58,"stat.useItem.61":1,"stat.craftItem.388":3,"stat.craftItem.267":1,"stat.animalsBred":1,"achievement.buildHoe":1,"stat.craftItem.61":1,"stat.breakItem.257":1,"stat.killEntity.Slime":12,"stat.mineBlock.175":5,"stat.mineBlock.85":11,"stat.killEntity.Creeper":9,"stat.mineBlock.86":9,"stat.mineBlock.13":35,"stat.useItem.361":7,"stat.mineBlock.16":69,"stat.mineBlock.15":58,"stat.craftItem.297":10,"stat.mineBlock.18":38,"stat.mineBlock.17":30,"stat.swimOneCm":2739,"stat.jump":1939,"stat.useItem.324":5,"stat.fallOneCm":55520,"stat.climbOneCm":1411,"achievement.buildWorkBench":4,"stat.craftItem.292":1,"achievement.killCow":1,"achievement.buildSword":2,"achievement.mineWood":29,"stat.craftItem.324":3,"stat.mineBlock.107":1,"stat.mineBlock.50":2,"stat.mineBlock.106":1,"achievement.exploreAllBiomes":{"value":0,"progress":["ForestHills","Extreme Hills+","Forest","River","Plains","Taiga","Extreme Hills","Swampland","TaigaHills"]},"stat.useItem.292":5,"stat.useItem.42":4,"stat.useItem.86":2,"stat.craftItem.361":8,"stat.useItem.295":46,"stat.killEntity.Skeleton":11,"stat.useItem.88":2,"stat.useItem.257":166,"stat.useItem.85":24,"stat.craftItem.85":14,"achievement.openInventory":104,"stat.craftItem.5":120,"stat.craftItem.42":4,"stat.breakItem.275":1,"stat.craftItem.280":88,"stat.damageTaken":1300,"stat.killEntity.Spider":8,"stat.mineBlock.5":1,"stat.mineBlock.3":63,"stat.mineBlock.1":43,"stat.mobKills":91,"stat.mineBlock.67":1,"achievement.killEnemy":65,"stat.craftItem.272":1,"stat.useItem.54":2,"stat.craftItem.351":30,"stat.flyOneCm":353024,"stat.useItem.6":5,"stat.craftItem.58":2,"stat.craftItem.274":1,"stat.craftItem.275":1,"stat.useItem.267":37,"stat.useItem.50":114,"stat.drop":2,"achievement.buildPickaxe":1,"stat.playOneMinute":95082,"stat.killEntity.Witch":1,"stat.craftItem.50":112,"stat.useItem.107":3,"stat.useItem.4":2,"stat.useItem.5":23,"stat.craftItem.54":2,"stat.useItem.3":9,"stat.damageDealt":20595,"achievement.buildBetterPickaxe":1,"stat.killEntity.Zombie":47,"stat.killEntity.Cow":1,"stat.craftItem.107":2,"stat.useItem.391":84,"stat.useItem.13":24,"stat.mineBlock.31":28,"stat.diveOneCm":3596,"stat.useItem.58":2,"stat.craftItem.307":1,"stat.useItem.272":136}