{"stat.craftItem.263":5,"stat.walkOneCm":75827,"stat.useItem.61":1,"stat.craftItem.61":1,"stat.mineBlock.18":9,"stat.mineBlock.17":11,"stat.jump":152,"stat.swimOneCm":5629,"stat.climbOneCm":48,"stat.fallOneCm":1841,"achievement.buildWorkBench":2,"achievement.buildSword":1,"achievement.mineWood":11,"achievement.exploreAllBiomes":{"value":0,"progress":["Birch Forest Hills","ForestHills","Birch Forest","River","Plains","Swampland"]},"stat.craftItem.366":6,"achievement.openInventory":14,"stat.craftItem.5":24,"stat.killEntity.Chicken":7,"stat.craftItem.280":8,"stat.damageTaken":90,"stat.mineBlock.3":1,"stat.mineBlock.1":14,"stat.mobKills":12,"stat.mineBlock.6":1,"stat.craftItem.272":1,"achievement.buildFurnace":2,"stat.flyOneCm":8257,"stat.craftItem.58":1,"stat.useItem.6":2,"achievement.buildPickaxe":2,"stat.playOneMinute":14308,"stat.craftItem.270":1,"stat.craftItem.271":1,"stat.useItem.3":1,"stat.damageDealt":1255,"stat.killEntity.Zombie":1,"stat.killEntity.Pig":3,"stat.useItem.270":14,"stat.useItem.58":1,"stat.diveOneCm":56,"stat.useItem.272":13,"stat.useItem.271":8}