{"stat.useItem.273":5,"stat.useItem.276":4,"stat.killEntity.Bat":2,"stat.useItem.89":43,"stat.walkOneCm":112942,"stat.useItem.278":6,"stat.useItem.61":1,"achievement.openInventory":30,"stat.useItem.259":1,"stat.craftItem.5":4,"stat.craftItem.61":1,"stat.mobKills":29,"stat.useItem.46":295,"stat.useItem.49":64,"stat.useItem.383":6,"stat.mineBlock.35":1,"stat.flyOneCm":207451,"stat.craftItem.58":1,"stat.drop":1,"stat.useItem.145":5,"stat.mineBlock.17":1,"stat.jump":168,"stat.swimOneCm":1619,"stat.playOneMinute":31276,"stat.useItem.1":65,"stat.fallOneCm":2073,"achievement.buildWorkBench":2,"stat.useItem.3":2,"stat.damageDealt":350,"stat.killEntity.Zombie":1,"achievement.mineWood":1,"stat.killEntity.Silverfish":25,"achievement.exploreAllBiomes":{"value":0,"progress":["River","Taiga","Extreme Hills","TaigaHills"]},"stat.useItem.35":1,"stat.useItem.58":2,"stat.diveOneCm":171}