{"stat.useItem.20":4,"stat.useItem.276":10,"stat.killEntity.Skeleton":2,"stat.useItem.89":4,"stat.walkOneCm":38248,"stat.useItem.278":30,"stat.useItem.85":1,"achievement.openInventory":42,"stat.killEntity.Chicken":5,"stat.mineBlock.1":11,"stat.mobKills":10,"stat.killEntity.Creeper":3,"stat.mineBlock.21":2,"stat.flyOneCm":115730,"stat.mineBlock.16":9,"stat.useItem.145":1,"stat.useItem.50":4,"stat.drop":10,"stat.jump":62,"stat.swimOneCm":276,"stat.useItem.389":3,"stat.playOneMinute":16543,"stat.useItem.1":1,"stat.fallOneCm":1382,"stat.useItem.5":10,"stat.useItem.3":95,"stat.damageDealt":2950,"stat.useItem.17":4,"stat.useItem.18":17,"achievement.exploreAllBiomes":{"value":0,"progress":["Beach","River","Taiga","Extreme Hills","TaigaHills"]},"stat.diveOneCm":197}