{"stat.useItem.42":1,"stat.useItem.351":37,"stat.useItem.295":20,"stat.useItem.44":2,"stat.killEntity.Skeleton":7,"stat.walkOneCm":152008,"achievement.openInventory":33,"stat.useItem.81":6,"stat.damageTaken":425,"stat.killEntity.Spider":1,"stat.mineBlock.81":2,"stat.mobKills":28,"stat.useItem.24":74,"stat.killEntity.Creeper":11,"stat.useItem.383":3,"stat.flyOneCm":158870,"stat.useItem.12":80,"stat.useItem.267":30,"stat.useItem.50":2,"stat.drop":1,"stat.jump":158,"stat.useItem.324":1,"stat.swimOneCm":7237,"stat.playOneMinute":36280,"stat.useItem.128":20,"stat.killEntity.Witch":3,"stat.fallOneCm":3192,"stat.useItem.3":63,"stat.damageDealt":3090,"stat.killEntity.Zombie":6,"stat.useItem.17":55,"achievement.exploreAllBiomes":{"value":0,"progress":["Beach","DesertHills","Ocean","Desert"]},"stat.diveOneCm":752,"stat.useItem.293":40}