{"stat.flyOneCm":137005,"stat.useItem.88":7,"stat.useItem.12":20,"stat.walkOneCm":35705,"stat.useItem.267":3,"stat.drop":16,"stat.useItem.50":18,"stat.jump":63,"stat.swimOneCm":176,"stat.useItem.85":18,"stat.playOneMinute":45168,"achievement.openInventory":27,"stat.useItem.1":15,"stat.useItem.3":2,"stat.damageDealt":210,"stat.mobKills":1,"achievement.exploreAllBiomes":{"value":0,"progress":["Beach","DesertHills","Desert","Savanna"]},"stat.useItem.35":5,"stat.killEntity.Creeper":1,"stat.mineBlock.88":1}