{"stat.useItem.10":2,"stat.useItem.383":1,"stat.flyOneCm":62014,"stat.useItem.88":1,"stat.walkOneCm":24280,"stat.mineBlock.18":2,"stat.jump":71,"stat.swimOneCm":273,"stat.useItem.84":1,"stat.playOneMinute":14992,"achievement.openInventory":21,"stat.fallOneCm":1593,"stat.killEntity.Forest Gheist":1,"stat.useItem.3":1,"stat.damageTaken":380,"stat.mineBlock.3":1,"stat.mobKills":1,"achievement.exploreAllBiomes":{"value":0,"progress":["Birch Forest Hills","Birch Forest","Forest","Plains"]},"stat.mineBlock.31":1,"stat.diveOneCm":351}