{"stat.flyOneCm":57426,"stat.useItem.12":29,"stat.walkOneCm":61796,"stat.drop":2,"stat.jump":165,"stat.playOneMinute":13920,"achievement.openInventory":14,"stat.fallOneCm":4856,"stat.useItem.259":1,"stat.damageTaken":340,"stat.killEntity.Spider":2,"stat.damageDealt":1287,"stat.killEntity.Zombie":4,"stat.killEntity.Ghast":2,"stat.mobKills":9,"achievement.exploreAllBiomes":{"value":0,"progress":["Desert","Hell"]},"stat.killEntity.Creeper":1,"stat.useItem.24":1,"stat.mineBlock.12":1,"stat.useItem.49":13}