{"stat.useItem.20":30,"stat.flyOneCm":27120,"stat.useItem.331":9,"stat.walkOneCm":12657,"stat.useItem.145":38,"stat.drop":2,"stat.jump":35,"stat.useItem.137":1,"stat.playOneMinute":22604,"achievement.openInventory":21,"stat.useItem.116":2,"stat.useItem.1":3,"stat.useItem.70":2,"stat.killEntity.Chicken":1,"stat.killEntity.Spider":1,"stat.damageDealt":750,"stat.killEntity.Zombie":1,"achievement.mineWood":1,"stat.mobKills":4,"stat.useItem.18":2,"achievement.exploreAllBiomes":{"value":0,"progress":["Extreme Hills"]},"stat.killEntity.Creeper":1,"stat.useItem.58":1}