{"stat.flyOneCm":63387,"stat.walkOneCm":18029,"stat.mineBlock.18":1,"stat.mineBlock.17":2,"stat.jump":26,"stat.swimOneCm":259,"stat.useItem.30":3,"stat.playOneMinute":6396,"achievement.openInventory":13,"stat.fallOneCm":211,"stat.craftItem.280":4,"stat.killEntity.Spider":1,"stat.damageDealt":210,"achievement.mineWood":2,"stat.useItem.17":2,"stat.mobKills":1,"stat.mineBlock.30":3,"achievement.exploreAllBiomes":{"value":0,"progress":["River","Forest","Extreme Hills","Swampland"]},"stat.diveOneCm":312}