{"stat.useItem.276":60,"stat.killEntity.Skeleton":2,"stat.useItem.89":1,"stat.walkOneCm":134068,"stat.useItem.257":100,"achievement.openInventory":22,"stat.damageTaken":720,"stat.mineBlock.4":2,"stat.mineBlock.3":12,"stat.mineBlock.1":81,"stat.killEntity.Enderman":1,"stat.mobKills":20,"stat.killEntity.Creeper":4,"stat.mineBlock.13":16,"stat.flyOneCm":53096,"stat.mineBlock.15":1,"stat.drop":3,"stat.mineBlock.39":2,"stat.jump":227,"stat.swimOneCm":5927,"stat.playOneMinute":17714,"stat.fallOneCm":9070,"stat.climbOneCm":540,"stat.killEntity.Sheep":2,"stat.useItem.4":2,"stat.useItem.3":3,"stat.damageDealt":4790,"stat.killEntity.Zombie":11,"stat.useItem.13":4,"achievement.exploreAllBiomes":{"value":0,"progress":["Extreme Hills","Swampland","Extreme Hills+ M"]},"stat.useItem.35":2,"stat.diveOneCm":87,"stat.mineBlock.31":259}