{"stat.walkOneCm":44544,"stat.useItem.24":4,"stat.jump":61,"stat.swimOneCm":303,"stat.useItem.128":10,"stat.fallOneCm":1027,"stat.killEntity.Forest Gheist":2,"achievement.exploreAllBiomes":{"value":0,"progress":["Desert"]},"stat.useItem.87":1,"achievement.openInventory":49,"stat.useItem.259":1,"stat.damageTaken":2550,"stat.mobKills":2,"stat.useItem.383":4,"stat.flyOneCm":339993,"stat.deaths":1,"stat.useItem.12":2,"stat.drop":12,"stat.useItem.145":1,"stat.playOneMinute":89798,"stat.useItem.3":7,"stat.damageDealt":10}