{"stat.useItem.295":20,"stat.useItem.65":9,"stat.flyOneCm":124630,"stat.useItem.12":1,"stat.walkOneCm":62702,"stat.useItem.267":2,"stat.useItem.50":4,"stat.jump":108,"stat.swimOneCm":1228,"stat.useItem.85":1,"stat.playOneMinute":135652,"stat.useItem.128":45,"achievement.openInventory":41,"stat.useItem.1":41,"stat.fallOneCm":633,"stat.climbOneCm":1376,"stat.useItem.3":1,"stat.damageDealt":210,"stat.mobKills":1,"achievement.exploreAllBiomes":{"value":0,"progress":["Beach","DesertHills","Desert","Savanna"]},"stat.useItem.24":10,"stat.killEntity.Creeper":1,"stat.useItem.293":1}