{"stat.useItem.42":19,"stat.useItem.86":4,"stat.useItem.89":3,"stat.walkOneCm":126607,"stat.useItem.278":18,"stat.useItem.112":9,"stat.useItem.85":30,"achievement.openInventory":34,"stat.craftItem.89":3,"stat.damageTaken":515,"stat.killEntity.Spider":1,"stat.killEntity.Ghast":1,"stat.mobKills":8,"stat.mineBlock.87":4,"stat.killEntity.Creeper":2,"stat.useItem.24":128,"stat.mineBlock.89":14,"stat.useItem.49":1,"stat.flyOneCm":163704,"stat.deaths":1,"stat.useItem.12":66,"stat.useItem.102":3,"stat.drop":19,"stat.useItem.50":83,"stat.jump":172,"stat.useItem.324":1,"stat.playOneMinute":42526,"stat.useItem.128":10,"stat.fallOneCm":4010,"stat.climbOneCm":1021,"stat.damageDealt":1735,"stat.entityKilledBy.Blaze":1,"stat.killEntity.Zombie":4,"achievement.exploreAllBiomes":{"value":0,"progress":["DesertHills","Desert","Hell","Savanna"]},"stat.useItem.35":5}